section,donor,algorithmic_seed,endpoint,ARI,NMI,clusters,role
151507,Br5292,0,predicted,0.36535302193225616,0.44612267845613424,5,secondary task-native SpaGCN partition
151507,Br5292,0,refined,0.4234198593565418,0.5040584492976221,5,secondary task-native SpaGCN partition
151507,Br5292,1,predicted,0.3274784597569222,0.4469708919169021,5,secondary task-native SpaGCN partition
151507,Br5292,1,refined,0.36192004069100997,0.47740044045031405,5,secondary task-native SpaGCN partition
151507,Br5292,2,predicted,0.2947688606654786,0.4259952706508084,5,secondary task-native SpaGCN partition
151507,Br5292,2,refined,0.3306500047268005,0.4609357075117472,5,secondary task-native SpaGCN partition
151507,Br5292,3,predicted,0.3171490794849595,0.4348896608856943,5,secondary task-native SpaGCN partition
151507,Br5292,3,refined,0.3669258545535092,0.4874633361630008,5,secondary task-native SpaGCN partition
151507,Br5292,4,predicted,0.33612396087567,0.441715672821553,5,secondary task-native SpaGCN partition
151507,Br5292,4,refined,0.38082502844490373,0.4864179799882482,5,secondary task-native SpaGCN partition
151508,Br5292,0,predicted,0.2413426886985878,0.30569880500461055,4,secondary task-native SpaGCN partition
151508,Br5292,0,refined,0.27978948058847586,0.3637723739553283,4,secondary task-native SpaGCN partition
151508,Br5292,1,predicted,0.23338190260231914,0.32761434079116675,4,secondary task-native SpaGCN partition
151508,Br5292,1,refined,0.2652064749017395,0.372853401050876,4,secondary task-native SpaGCN partition
151508,Br5292,2,predicted,0.2575944215081497,0.32552305998983183,4,secondary task-native SpaGCN partition
151508,Br5292,2,refined,0.2940400763421766,0.36661855222104306,4,secondary task-native SpaGCN partition
151508,Br5292,3,predicted,0.24308787563248063,0.3198695989368989,4,secondary task-native SpaGCN partition
151508,Br5292,3,refined,0.27498583653987696,0.3704312792165253,4,secondary task-native SpaGCN partition
151508,Br5292,4,predicted,0.20134987404834542,0.27345261129221526,4,secondary task-native SpaGCN partition
151508,Br5292,4,refined,0.23183682251684698,0.312518718110382,4,secondary task-native SpaGCN partition
151669,Br5595,0,predicted,0.13786134414876197,0.2713553675583321,7,secondary task-native SpaGCN partition
151669,Br5595,0,refined,0.15092649604550465,0.2974446507237806,7,secondary task-native SpaGCN partition
151669,Br5595,1,predicted,0.16968014614145877,0.32569043595500463,7,secondary task-native SpaGCN partition
151669,Br5595,1,refined,0.1979203426164514,0.37607305991653805,7,secondary task-native SpaGCN partition
151669,Br5595,2,predicted,0.23862438317969709,0.42369165191985286,7,secondary task-native SpaGCN partition
151669,Br5595,2,refined,0.26256112708688123,0.45228548580853406,7,secondary task-native SpaGCN partition
151669,Br5595,3,predicted,0.16351414791855132,0.32187598450761784,7,secondary task-native SpaGCN partition
151669,Br5595,3,refined,0.16883459041056192,0.34080154302992477,7,secondary task-native SpaGCN partition
151669,Br5595,4,predicted,0.22077918433582916,0.37839767073429015,7,secondary task-native SpaGCN partition
151669,Br5595,4,refined,0.24017262893132754,0.41948580065273233,7,secondary task-native SpaGCN partition
151670,Br5595,0,predicted,0.18676683256448506,0.32343969190617955,6,secondary task-native SpaGCN partition
151670,Br5595,0,refined,0.19266945650511216,0.34513737011632134,6,secondary task-native SpaGCN partition
151670,Br5595,1,predicted,0.1333468616991936,0.23146471196756435,6,secondary task-native SpaGCN partition
151670,Br5595,1,refined,0.1521889432164959,0.2684262650559601,6,secondary task-native SpaGCN partition
151670,Br5595,2,predicted,0.15562285607115892,0.3324164300556547,6,secondary task-native SpaGCN partition
151670,Br5595,2,refined,0.17009087544892584,0.3584808572592966,6,secondary task-native SpaGCN partition
151670,Br5595,3,predicted,0.11935448018853219,0.23954138247330675,6,secondary task-native SpaGCN partition
151670,Br5595,3,refined,0.13022641118687134,0.25692771729366704,6,secondary task-native SpaGCN partition
151670,Br5595,4,predicted,0.12365663272404993,0.24614260787033637,6,secondary task-native SpaGCN partition
151670,Br5595,4,refined,0.139375283451633,0.26996638400867573,6,secondary task-native SpaGCN partition
151673,Br8100,0,predicted,0.20845466287462977,0.33668887538571307,6,secondary task-native SpaGCN partition
151673,Br8100,0,refined,0.23171285825835058,0.35762739897932183,6,secondary task-native SpaGCN partition
151673,Br8100,1,predicted,0.2104996708970245,0.3337220143855028,6,secondary task-native SpaGCN partition
151673,Br8100,1,refined,0.24674174626095605,0.364466649699372,6,secondary task-native SpaGCN partition
151673,Br8100,2,predicted,0.27291634488585875,0.44009252084841693,6,secondary task-native SpaGCN partition
151673,Br8100,2,refined,0.2897268852581708,0.4624305803169719,6,secondary task-native SpaGCN partition
151673,Br8100,3,predicted,0.17802057401176025,0.3146792461599715,6,secondary task-native SpaGCN partition
151673,Br8100,3,refined,0.19523438974905746,0.3297724528234386,6,secondary task-native SpaGCN partition
151673,Br8100,4,predicted,0.17862016071671197,0.3105660698613898,6,secondary task-native SpaGCN partition
151673,Br8100,4,refined,0.19485666625321166,0.32102683204442994,6,secondary task-native SpaGCN partition
151674,Br8100,0,predicted,0.22341422302098124,0.36895021005239176,5,secondary task-native SpaGCN partition
151674,Br8100,0,refined,0.22855859651409738,0.3781760140130393,5,secondary task-native SpaGCN partition
151674,Br8100,1,predicted,0.27079227679566936,0.377512731283166,5,secondary task-native SpaGCN partition
151674,Br8100,1,refined,0.286796978241882,0.39824186754749563,5,secondary task-native SpaGCN partition
151674,Br8100,2,predicted,0.19412085714792432,0.33292805173586026,5,secondary task-native SpaGCN partition
151674,Br8100,2,refined,0.20139957861569643,0.3420252852944055,5,secondary task-native SpaGCN partition
151674,Br8100,3,predicted,0.23177575192022457,0.3760527800300508,5,secondary task-native SpaGCN partition
151674,Br8100,3,refined,0.25527475703464875,0.40563943307342304,5,secondary task-native SpaGCN partition
151674,Br8100,4,predicted,0.229525197814106,0.38026702913996324,5,secondary task-native SpaGCN partition
151674,Br8100,4,refined,0.2499210746216738,0.408561377738005,5,secondary task-native SpaGCN partition
