algorithmic_seed,endpoint,n_donors,ARI,NMI
0,predicted,3,0.22719879553995034,0.3420426047272269
1,predicted,3,0.22419655298209792,0.3404958543832178
2,predicted,3,0.23560795390971123,0.3801078308667375
3,predicted,3,0.20881698485941808,0.33448477549892336
4,predicted,3,0.21500916841911874,0.33842361028662465
0,refined,3,0.25117945787801377,0.37436937618090227
1,refined,3,0.2517957543214225,0.376243613953426
2,refined,3,0.2580780912464419,0.4071294114019997
3,refined,3,0.23191363991242095,0.3651726269333299
4,refined,3,0.23949791736993278,0.3696628487570789
