donor,algorithmic_seed,endpoint,n_sections,ARI,NMI
Br5292,0,predicted,2,0.30334785531542197,0.3759107417303724
Br5292,1,predicted,2,0.28043018117962065,0.38729261635403445
Br5292,2,predicted,2,0.27618164108681414,0.3757591653203201
Br5292,3,predicted,2,0.2801184775587201,0.3773796299112966
Br5292,4,predicted,2,0.2687369174620077,0.35758414205688416
Br5292,0,refined,2,0.35160466997250883,0.4339154116264752
Br5292,1,refined,2,0.31356325779637473,0.425126920750595
Br5292,2,refined,2,0.3123450405344885,0.41377712986639514
Br5292,3,refined,2,0.3209558455466931,0.4289473076897631
Br5292,4,refined,2,0.30633092548087537,0.3994683490493151
Br5595,0,predicted,2,0.16231408835662353,0.29739752973225586
Br5595,1,predicted,2,0.1515135039203262,0.27857757396128446
Br5595,2,predicted,2,0.19712361962542801,0.37805404098775375
Br5595,3,predicted,2,0.14143431405354176,0.2807086834904623
Br5595,4,predicted,2,0.17221790852993954,0.3122701393023133
Br5595,0,refined,2,0.1717979762753084,0.321291010420051
Br5595,1,refined,2,0.17505464291647366,0.3222496624862491
Br5595,2,refined,2,0.21632600126790352,0.40538317153391534
Br5595,3,refined,2,0.14953050079871663,0.2988646301617959
Br5595,4,refined,2,0.18977395619148027,0.34472609233070406
Br8100,0,predicted,2,0.2159344429478055,0.3528195427190524
Br8100,1,predicted,2,0.24064597384634695,0.35561737283433437
Br8100,2,predicted,2,0.23351860101689154,0.38651028629213857
Br8100,3,predicted,2,0.2048981629659924,0.34536601309501114
Br8100,4,predicted,2,0.20407267926540898,0.3454165495006765
Br8100,0,refined,2,0.23013572738622398,0.3679017064961806
Br8100,1,refined,2,0.266769362251419,0.3813542586234338
Br8100,2,refined,2,0.24556323193693363,0.4022279328056887
Br8100,3,refined,2,0.22525457339185312,0.36770594294843084
Br8100,4,refined,2,0.2223888704374427,0.36479410489121744
