dataset,backbone,metric,upstream,GenoRefine_mean,GenoRefine_sd,IDEC_mean,IDEC_sd,IDEC_minus_upstream,IDEC_minus_GenoRefine_paired_mean
HP-CB,Scanorama,ARI,0.6716561557686849,0.41904402584001704,0.035526309776324996,0.2609869220533286,0.02214299069825946,-0.4106692337153563,-0.1580571037866885
HP-CB,Scanorama,SIL_cluster,0.172929888192583,0.6529516537984212,0.02216224141606044,0.40245987023877844,0.033131749717043774,0.22952998204619543,-0.2504917835596428
HP-CB,Scanorama,iLISI,0.12495842576026917,0.1791260361671448,0.006231000913676867,0.2522545099258423,0.008398458490273906,0.12729608416557314,0.07312847375869751
HP-CB,Scanorama,local_label_purity,0.9627192446994669,0.9495018923208399,0.007922832022298749,0.8469242664713303,0.025677244947734035,-0.11579497822813656,-0.10257762584950965
HP-CB,Scanorama,SIL_reference,0.10984467262506796,0.3870538532733917,0.02541830256409814,0.022421194314615592,0.07140545608123933,-0.08742347831045237,-0.3646326589587761
HP-CB,Scanorama,D_batch,2.748291329563371,3.0913349281129974,0.06691775580280288,3.7274182229546184,0.07291256499702242,0.9791268933912476,0.6360832948416211
HP-CB,Harmony,ARI,0.821296406251933,0.8232976932216697,0.0020252278340986427,0.802677444922286,0.004666043033501648,-0.01861896132964702,-0.020620248299383647
HP-CB,Harmony,SIL_cluster,0.24259529338404112,0.17960926691691081,0.010762630375572846,0.05820717355768379,0.014272286996371463,-0.18438811982635733,-0.12140209335922703
HP-CB,Harmony,iLISI,0.17726272344589233,0.19322153329849243,0.0010655545573844865,0.21430845856666564,0.002373748720769064,0.037045735120773304,0.02108692526817322
HP-CB,Harmony,local_label_purity,0.9534387335693648,0.9475102755056363,0.0012348604220388099,0.8991218003499777,0.00323410805007627,-0.05431693321938713,-0.04838847515565865
HP-CB,Harmony,SIL_reference,0.22811790153985018,0.15728387236595154,0.010820990296461679,0.0574339944060032,0.013855222404045657,-0.17068390713384698,-0.09984987795994833
HP-CB,Harmony,D_batch,3.170600135594362,3.28248860331506,0.004318648973027088,3.526809273365708,0.04044764484033438,0.3562091377713461,0.24432067005064786
HP-CB,Seurat,ARI,0.8304158250682124,0.9154392915105874,0.004919217890920448,0.8508782995019281,0.04068827103915601,0.020462474433715627,-0.06456099200865942
HP-CB,Seurat,SIL_cluster,0.3559744155295487,0.2695509910583496,0.031060569419461267,0.05847756400051373,0.05856455171773074,-0.297496851529035,-0.21107342705783586
HP-CB,Seurat,iLISI,0.2510303854942322,0.267787766456604,0.00044164695416801686,0.26991628408432006,0.0018130210422858603,0.01888589859008788,0.0021285176277160644
HP-CB,Seurat,local_label_purity,0.9497700728441787,0.9489496601961502,0.00048249709944469567,0.9347653929109185,0.0014868838481248822,-0.015004679933260157,-0.0141842672852317
HP-CB,Seurat,SIL_reference,0.37954606114710215,0.28780511021614075,0.006837062981101677,0.13622168989839367,0.01818699963011961,-0.24332437124870848,-0.15158342031774708
HP-CB,Seurat,D_batch,3.7488083412899553,3.9030095882053244,0.005619876674168296,3.929284606364492,0.026161323731713655,0.18047626507453662,0.02627501815916755
HP-CB,Online iNMF,ARI,0.5349346717957106,0.5904127533742142,0.012371481663802546,0.3794489056388044,0.01812664647857025,-0.15548576615690624,-0.21096384773540977
HP-CB,Online iNMF,SIL_cluster,0.13708132021234395,0.20627727409203847,0.024935784612523576,0.25235357492056465,0.005032084361302185,0.1152722547082207,0.04607630082852615
HP-CB,Online iNMF,iLISI,0.13856017589569092,0.1339419364929199,0.000851437157659603,0.15791537761688232,0.007845964755846585,0.0193552017211914,0.0239734411239624
HP-CB,Online iNMF,local_label_purity,0.9498290806983275,0.9501778374638832,0.0008442126198265514,0.9393737028445855,0.002720589049382472,-0.010455377853741954,-0.010804134619297679
HP-CB,Online iNMF,SIL_reference,0.2167058755371764,0.23237917423248292,0.005987897961911614,0.2542507720826463,0.08155294822736711,0.037544896545469886,0.02187159785016337
HP-CB,Online iNMF,D_batch,2.882753453334451,2.8508588547175404,0.018246423146111176,3.0636569702908747,0.08919648318743482,0.1809035169564237,0.21279811557333464
Pancreas,Scanorama,ARI,0.389595880427464,0.37969858614797075,0.009534051740248047,0.25476175685145025,0.016922304919039385,-0.13483412357601376,-0.1249368292965205
Pancreas,Scanorama,SIL_cluster,0.1620743470844589,0.6576051155726115,0.020597250754124465,0.307331541494261,0.01963272284206868,0.14525719440980212,-0.3502735740783505
Pancreas,Scanorama,iLISI,0.019475430250167847,0.05325168967247009,0.007894909539820026,0.15154709815979003,0.014161643323119472,0.1320716679096222,0.09829540848731995
Pancreas,Scanorama,local_label_purity,0.9530597503442361,0.9532850274260175,0.0023254369580761225,0.8498611769486017,0.023174072579077838,-0.10319857339563432,-0.10342385047741579
Pancreas,Scanorama,SIL_reference,0.09034687846868905,0.29238593578338623,0.023662316333359468,-0.07358635501884347,0.1100901254903819,-0.16393323348753253,-0.3659722908022297
Pancreas,Scanorama,D_batch,1.4862149678472596,1.6207088205652476,0.018099579801738316,1.9447757967044872,0.04774405213328246,0.4585608288572276,0.32406697613923957
Pancreas,Harmony,ARI,0.6998329574801603,0.7194492027206476,0.01294356465263112,0.7599717254161121,0.057154467453069825,0.06013876793595185,0.040522522695464594
Pancreas,Harmony,SIL_cluster,0.15098804732163748,0.10267072518666585,0.006254097825519066,0.032690745521795246,0.01785961537273618,-0.11829730179984224,-0.0699799796648706
Pancreas,Harmony,iLISI,0.12106320261955261,0.12030578255653382,0.0027024009440576938,0.18012176752090453,0.006577599475078193,0.05905856490135192,0.059815984964370725
Pancreas,Harmony,local_label_purity,0.9470057109320332,0.9386740705627412,0.002087182916964795,0.8726480214893569,0.005456739026501385,-0.07435768944267629,-0.06602604907338432
Pancreas,Harmony,SIL_reference,0.16155976057052612,0.12118061482906342,0.0032590282089639032,0.026989976807201787,0.00981961093347678,-0.13456978376332435,-0.09419063802186163
Pancreas,Harmony,D_batch,2.1895486093374226,2.1997794781625957,0.010557215096575203,2.4323498098823615,0.02591024174296289,0.24280120054493892,0.23257033171976546
Pancreas,Seurat,ARI,0.6638647670578773,0.7165675229984628,0.0228889427233081,0.841525645450439,0.04329869751776336,0.17766087839256162,0.12495812245197613
Pancreas,Seurat,SIL_cluster,0.1961522918085962,0.14821071326732635,0.004250317436540369,0.030791415705141458,0.014218716042084278,-0.16536087610345473,-0.1174192975621849
Pancreas,Seurat,iLISI,0.2651892900466919,0.2698298215866089,0.0016577481997842726,0.28137993812561035,0.0025814299947542942,0.016190648078918457,0.011550116539001464
Pancreas,Seurat,local_label_purity,0.9502155707546104,0.9459488499130946,0.0005627603067633027,0.8914146407530305,0.003686236403765803,-0.05880093000157993,-0.05453420916006413
Pancreas,Seurat,SIL_reference,0.1670516419001634,0.13483792245388032,0.003638259991425024,0.022070387063570323,0.015240855664017627,-0.14498125483659308,-0.11276753539030998
Pancreas,Seurat,D_batch,2.563282586695666,2.611330207331782,0.003823807150909014,2.6887980701038106,0.011491163140637993,0.12551548340814467,0.07746786277202852
Pancreas,Online iNMF,ARI,0.42754082147351147,0.5138101948127133,0.010575136993386068,0.48858243009049396,0.023126360975717197,0.06104160861698249,-0.02522776472221936
Pancreas,Online iNMF,SIL_cluster,0.13680181733292673,0.13450251619021097,0.008888558408262984,0.2721331203537631,0.022162472275451837,0.13533130302083635,0.1376306041635521
Pancreas,Online iNMF,iLISI,0.018447846174240112,0.017493927478790285,0.0005836544001919188,0.041198521852493286,0.004411968629774719,0.022750675678253174,0.023704594373703
Pancreas,Online iNMF,local_label_purity,0.9289158258278594,0.932351414189296,0.0010112172461180253,0.9262165639601815,0.00231563564103089,-0.0026992618676778823,-0.006134850229114463
Pancreas,Online iNMF,SIL_reference,0.16403705492500076,0.18406835794448853,0.007546943523791369,0.2756104687585026,0.031877900055458416,0.11157341383350183,0.09154211081401409
Pancreas,Online iNMF,D_batch,1.5081708881853555,1.516457426053354,0.0060852493489975895,1.6365263073022356,0.024406409569780414,0.1283554191168801,0.12006888124888153
Mouse,Scanorama,ARI,0.5403241853198877,0.5367738408257314,0.022305710137381283,0.46611328358854276,0.0027380559442516527,-0.07421090173134492,-0.07066055723718864
Mouse,Scanorama,SIL_cluster,0.23585767481106712,0.7435946146647135,0.034552104183636544,0.46402312275846586,0.06422106985409827,0.22816544794739874,-0.2795714919062477
Mouse,Scanorama,iLISI,0.3441493511199951,0.48865272998809817,0.00876458767429593,0.5678052186965943,0.01346836661052752,0.22365586757659917,0.07915248870849609
Mouse,Scanorama,local_label_purity,0.6992066666666669,0.6095932,0.0027929749332527105,0.5509593333333334,0.005693079209785215,-0.1482473333333335,-0.05863386666666663
Mouse,Scanorama,SIL_reference,0.016583720718945046,-0.12911976724863053,0.01527531934126676,-0.4085606158922486,0.029458527174549234,-0.42514433661119366,-0.27944084864361807
Mouse,Scanorama,D_batch,1.50000004485385,1.5647324849352084,0.0073204108985867175,1.6133549506161091,0.009970461274106227,0.11335490576225915,0.048622465680900714
Mouse,Harmony,ARI,0.5041956259155038,0.5066974120465042,0.001612584604322607,0.4982210148088377,0.00575236348736516,-0.005974611106666139,-0.008476397237666532
Mouse,Harmony,SIL_cluster,0.27226776990003687,0.24488508303960163,0.0038602039087480985,0.13940334297676893,0.006401231502053113,-0.13286442692326794,-0.1054817400628327
Mouse,Harmony,iLISI,0.3838684558868408,0.40223031044006347,0.002209552098438332,0.44529118537902834,0.0056791524081926704,0.06142272949218752,0.04306087493896484
Mouse,Harmony,local_label_purity,0.6614586666666666,0.6592533333333334,0.0003716330328578108,0.6329348,0.001104642264868201,-0.02852386666666662,-0.026318533333333317
Mouse,Harmony,SIL_reference,-0.0204099598233315,-0.011512666195631027,0.0014223080258324884,-0.04184476395038097,0.00383723697162001,-0.02143480412704947,-0.030332097754749945
Mouse,Harmony,D_batch,1.5507720971434948,1.55810617463859,0.0014350776786118686,1.5896627738966111,0.0028877681034040403,0.038890676753116304,0.03155659925802121
Mouse,Seurat,ARI,0.5142763738927476,0.5076059456242712,0.007808490051007452,0.4947915527906484,0.006504440462731963,-0.019484821102099203,-0.012814392833622812
Mouse,Seurat,SIL_cluster,0.27966387719798635,0.2560807238022486,0.005117394780231941,0.1457731774211242,0.007723452545550384,-0.13389069977686216,-0.11030754638112443
Mouse,Seurat,iLISI,0.4831784963607788,0.5064821481704712,0.003213503826602893,0.5349790811538696,0.004723375132648462,0.0518005847930908,0.028496932983398438
Mouse,Seurat,local_label_purity,0.6658813333333333,0.663212,0.0007807613093783824,0.6371393333333334,0.0008346417727917189,-0.028741999999999934,-0.026072666666666654
Mouse,Seurat,SIL_reference,-0.007055776094822715,-0.0004558868589811027,0.0014347956029182771,-0.041564091131125684,0.00243616406557131,-0.03450831503630297,-0.04110820427214458
Mouse,Seurat,D_batch,1.5846663068443467,1.5938531809176144,0.0013440140192075682,1.6230161664572547,0.0016512857523337371,0.03834985961290793,0.029162985539640297
Mouse,Online iNMF,ARI,0.5066490904622133,0.4606852214948121,0.019143125894558254,0.44510700622450233,0.010164360823342171,-0.06154208423771096,-0.015578215270309814
Mouse,Online iNMF,SIL_cluster,0.4187026971654354,0.49854803284009297,0.009777600654217242,0.6342588262133952,0.08175024055924571,0.21555612904795984,0.13571079337330225
Mouse,Online iNMF,iLISI,0.2823910713195801,0.21965434551239013,0.005169968981967322,0.10887773036956787,0.012552507553716941,-0.1735133409500122,-0.11077661514282226
Mouse,Online iNMF,local_label_purity,0.5915806666666668,0.5874777333333333,0.0009776880438621875,0.5723884,0.0021042491719798304,-0.019192266666666735,-0.015089333333333333
Mouse,Online iNMF,SIL_reference,-0.07238069995224827,-0.08072665482759475,0.0012810743005759288,-0.1810578543995313,0.033743752610194404,-0.10867715444728301,-0.10033119957193654
Mouse,Online iNMF,D_batch,1.4838977403054252,1.4472966187452498,0.0038365040277411476,1.366383349019077,0.010443833177397721,-0.11751439128634811,-0.08091326972617266
