section,donor,method,algorithmic_seed,ARI,NMI,predicted_cluster_silhouette,reference_label_silhouette,label_neighbor_purity,spatial_latent_knn_jaccard,physical_distance_among_latent_neighbors_mean_fullres_pixels,physical_distance_ratio_to_local_spatial_knn_mean
151507,Br5292,harmony_fixed,,0.14581286572572055,0.21915132546142363,0.041266207893689476,-0.028523188084363937,0.4110479349285319,0.010640879297595714,2682.075340314547,19.12010766614681
151507,Br5292,harmony_native_sensitivity,,0.14032000441364656,0.2032198651028253,0.03354639063278834,-0.027686748653650284,0.4095238095238095,0.010706927124837574,2679.725197830323,19.105342583407772
151507,Br5292,genorefine,0,0.12829735046466983,0.21352369338472324,0.03757723545034727,-0.032070841640233994,0.3673773987206823,0.007760619700918209,2859.569535329386,20.377495234983
151507,Br5292,genorefine,1,0.1408587089492706,0.23037362936944722,0.042421688636144005,-0.03193550556898117,0.3798941798941799,0.009235004117733326,2819.8844949838362,20.089888210596495
151507,Br5292,genorefine,2,0.1537592568601256,0.229253773688388,0.04431185002128283,-0.03265031799674034,0.3814183052989023,0.009275412260486888,2805.907022200905,19.990490381453082
151507,Br5292,genorefine,3,0.12635052026379384,0.17837341302402815,0.048834736148516335,-0.03234214335680008,0.37511648108663037,0.008344281478609836,2838.2423368869463,20.22419722579172
151507,Br5292,genorefine,4,0.12684914496736965,0.19926459231768862,0.04158588498830795,-0.03149474412202835,0.3758824923004027,0.008404586016526315,2844.3215507529912,20.273493386521626
151507,Br5292,spagcn,0,0.2537540147507661,0.42095870775783106,0.2606105903784434,0.06683605909347534,0.5992181947405828,0.015900296497311422,2833.8611704665277,20.193552848898427
151507,Br5292,spagcn,1,0.2441843170073327,0.4169971943274847,0.26255086064338684,0.06342187523841858,0.5809444839295586,0.014984241849913493,2893.909867529951,20.620631741614893
151507,Br5292,spagcn,2,0.21465568259923673,0.4005433892976711,0.2628937065601349,0.04531727358698845,0.577840953960357,0.015386990013855687,2954.954759828354,21.0611476650071
151507,Br5292,spagcn,3,0.23145991909151975,0.4060406530437832,0.2743486563364665,0.059848543256521225,0.5773355444997236,0.013405555196599974,2946.3295898499114,21.00028019494588
151507,Br5292,spagcn,4,0.25061718755735,0.40909664297662623,0.2708420554796855,0.05974151939153671,0.5844744531311695,0.014492472701427925,2922.0490509744463,20.825277247276848
151508,Br5292,harmony_fixed,,0.18584485290075062,0.24417813057524962,0.04409379263718923,-0.01909109391272068,0.43097466331887696,0.010985453715424042,2692.102644475036,19.186776737219187
151508,Br5292,harmony_native_sensitivity,,0.17749521238299543,0.2509963232248317,0.04233418280879656,-0.019204625859856606,0.4307159704785818,0.010360164069362883,2694.0918254980065,19.197913798934852
151508,Br5292,genorefine,0,0.16864940323838176,0.22013338345101877,0.047969430685043335,-0.0254316758364439,0.38857186334931143,0.007546360662087665,2913.9704314222963,20.76334615546798
151508,Br5292,genorefine,1,0.1582691184729624,0.23033050308231034,0.04234688480695089,-0.025219053030014038,0.40022064977554594,0.008161966618939913,2859.982282036692,20.36757654192553
151508,Br5292,genorefine,2,0.14163003269037006,0.20463540100375016,0.04340272334714731,-0.024067167192697525,0.39847066879707826,0.008152282929731003,2857.7110065736133,20.36328670695643
151508,Br5292,genorefine,3,0.14189670816020689,0.20318124787340983,0.041873386750618614,-0.024697916582226753,0.39011641177813283,0.008632317237658484,2885.525272492643,20.561127377136483
151508,Br5292,genorefine,4,0.12516381041593078,0.20021905939176307,0.036574127773443856,-0.023326607421040535,0.3959293920718253,0.00875267166068353,2915.694077633493,20.780532882812533
151508,Br5292,spagcn,0,0.12680722784443224,0.27099732994749465,0.28417763113975525,0.008827250450849533,0.43840066955793955,0.007427389623235319,3373.5769313768105,24.044377160684387
151508,Br5292,spagcn,1,0.1450965872638802,0.2810634384742481,0.2598028282324473,-0.00810769572854042,0.44796469603591266,0.009520449876532963,3310.841745405836,23.578238108032302
151508,Br5292,spagcn,2,0.126333574811077,0.27658143036471755,0.28328948219617206,0.007799486629664898,0.4563493875066576,0.0077967531973466685,3228.953747524576,23.00112435972727
151508,Br5292,spagcn,3,0.1368766666216323,0.26986734894966896,0.2682100832462311,-0.01570468582212925,0.44659514570493797,0.008163350003112614,3321.6305485549296,23.657240738097475
151508,Br5292,spagcn,4,0.11252069447818766,0.24013665464200043,0.2554299334685008,-0.026218175888061523,0.4201019554135281,0.006977789767107274,3439.6882155190656,24.50086666497889
151669,Br5595,harmony_fixed,,0.15105188269871989,0.2201365365922664,0.06831641495227814,-0.004876327235251665,0.5726439310597726,0.010534386772010533,2430.9175156276306,17.154110893284283
151669,Br5595,harmony_native_sensitivity,,0.12911218678483435,0.23365823784601472,0.05381702507535616,-0.010712673887610435,0.5673542354235425,0.010422708937560423,2445.425956279479,17.252358815136247
151669,Br5595,genorefine,0,0.2899158181458955,0.22069184978092107,0.044692868987719216,-0.012985472567379475,0.5562339567290062,0.008877554422108878,2599.1115480485,18.33840491502216
151669,Br5595,genorefine,1,0.28410148788575307,0.2452253220502726,0.04085587958494822,-0.013928730972111225,0.5648698203153649,0.009667633430009669,2567.863287623113,18.141631919127075
151669,Br5595,genorefine,2,0.26068849080378825,0.22621200852912515,0.044330794364213943,-0.011028960347175598,0.5684176751008434,0.009397606427309399,2550.289239480914,18.012562539781023
151669,Br5595,genorefine,3,0.2401289260680234,0.20851484606243603,0.0447369801501433,-0.016894064843654633,0.5595526219288596,0.008862552921958861,2551.049328267806,18.01870220408377
151669,Br5595,genorefine,4,0.1298559366185325,0.1961604200461006,0.06080411250392596,-0.01957537792623043,0.5541529152915292,0.008535853585358535,2570.2890389491577,18.150511114935362
151669,Br5595,spagcn,0,0.07644684321754946,0.24420439549205344,0.2765858272711436,-0.0044770450331270695,0.6594242757609096,0.013107977464413107,2876.159027801133,20.293122218039493
151669,Br5595,spagcn,1,0.13027848909577613,0.32926960827692714,0.2657793164253235,-0.0029499134980142117,0.7516685001833516,0.01772843951061773,2653.603537356602,18.743389519784806
151669,Br5595,spagcn,2,0.17387779616819612,0.40884446006020814,0.2904227375984192,0.10677311569452286,0.772020535386872,0.01896165807056896,2619.927137042052,18.481662645204207
151669,Br5595,spagcn,3,0.10204264656224059,0.28758130892996525,0.279486487309138,0.013514299876987934,0.7020535386872021,0.015894922825615894,2588.646545696393,18.253874672327555
151669,Br5595,spagcn,4,0.13253432702033274,0.3605516008793214,0.30548857649167377,0.018278373405337334,0.7508342500916758,0.014364769810314365,2694.3832685345715,18.99942235399773
151670,Br5595,harmony_fixed,,0.17090871869184426,0.18783031442058612,0.0743378500143687,-0.00709237577393651,0.5972349789513968,0.009531886024423338,2471.6807652356356,17.515460151908485
151670,Br5595,harmony_native_sensitivity,,0.141735783464119,0.23845096305005148,0.05306089917818705,-0.009393291547894478,0.5928626100267891,0.009159621473054309,2496.431977071305,17.696996438881957
151670,Br5595,genorefine,0,0.327643827764292,0.22598979610647815,0.04488182067871094,-0.01449585147202015,0.5875813241484882,0.007660995720697213,2630.368979359731,18.658944076264063
151670,Br5595,genorefine,1,0.30826252396973713,0.23479223881207592,0.039280773450930916,-0.015987195074558258,0.5910639112131649,0.008000208746477404,2592.767356396379,18.388426969923877
151670,Br5595,genorefine,2,0.1761963660508727,0.16814198314369402,0.08047585810224216,-0.011467388831079006,0.5907481821660927,0.0076296837490867336,2569.242667591507,18.21818644671984
151670,Br5595,genorefine,3,0.26457237789512766,0.20541844645499152,0.0636841468513012,-0.014310215599834919,0.5885285112897053,0.007841909334446647,2631.8900426217897,18.663433649306562
151670,Br5595,genorefine,4,0.2206379542975877,0.1749765883132421,0.07744078586498897,-0.02037041261792183,0.5804917719096824,0.0075687993598441364,2603.365023990847,18.467526931656735
151670,Br5595,spagcn,0,0.11344798525440386,0.29530009657742906,0.29771438241004944,-0.018359195441007614,0.7261002678913128,0.013217131127578888,2732.560678192006,19.356675006719694
151670,Br5595,spagcn,1,0.0650159186681054,0.208567307077909,0.2575456400712331,-0.06244146078824997,0.6930252583237658,0.019348189124308527,2674.0141234558855,18.921832116747705
151670,Br5595,spagcn,2,0.09707503289277147,0.30200764896961607,0.2631270984808604,0.0034225264098495245,0.7483352468427095,0.020187523918867207,2469.9763158188384,17.453643285397696
151670,Br5595,spagcn,3,0.058040364312990624,0.199974186331257,0.30576345324516296,-0.03900846838951111,0.6734596249521622,0.012390842987857914,2768.864360456693,19.600059673995442
151670,Br5595,spagcn,4,0.06141079553203839,0.20567006680153693,0.3039378523826599,-0.04643276333808899,0.6691924990432452,0.011982047802943327,2913.0711901970676,20.643717272974666
151673,Br8100,harmony_fixed,,0.13219596495965086,0.22304244805035003,0.05381057287255923,-0.02216864936053753,0.4368503646266039,0.012559267557882899,2252.2878026020853,15.922485847885048
151673,Br8100,harmony_native_sensitivity,,0.12245380369391998,0.26020649563462256,0.056971289217472076,-0.01760829985141754,0.45272777623926896,0.013044317447529855,2218.5222393288695,15.680668971407885
151673,Br8100,genorefine,0,0.11543585723815915,0.20597329328155575,0.021206774438420933,-0.03711043298244476,0.3781224037662697,0.010521722346701576,2462.5533324246367,17.422031260969106
151673,Br8100,genorefine,1,0.12540345855598556,0.22002556884929195,0.022258828704555828,-0.03918446972966194,0.3821471429890151,0.011152790715238791,2400.7452878360714,16.987765045719975
151673,Br8100,genorefine,2,0.11643903721389161,0.21090090927282917,0.04463727648059527,-0.03552331030368805,0.3856549432290224,0.010455426600538758,2409.790719386867,17.04446617146955
151673,Br8100,genorefine,3,0.1123130789134717,0.20941183362721785,0.030432183295488358,-0.03959100693464279,0.3779839379673221,0.010555289813113131,2428.5273927340895,17.1909523461522
151673,Br8100,genorefine,4,0.09469226431747935,0.22040226322170695,0.05717538297176361,-0.03372075408697128,0.3862826548509185,0.010929567063601958,2421.7934028799486,17.133351779538945
151673,Br8100,spagcn,0,0.1571285537705797,0.30313762264468125,0.27799198031425476,-0.005919076967984438,0.4590972029908613,0.01677342319823627,2380.748782881302,16.813756874843076
151673,Br8100,spagcn,1,0.12648515883973888,0.2857392381400469,0.2880179782708486,0.0037428492214530706,0.5086218037478076,0.01766967455142476,2508.836249932192,17.711497002948065
151673,Br8100,spagcn,2,0.23165743572105335,0.4192125222389438,0.2773433526357015,0.041134681552648544,0.6007661774208437,0.021458842090246136,2541.4253639109593,17.96538017052632
151673,Br8100,spagcn,3,0.10880503589934114,0.2695862402800267,0.28893381357192993,-0.020364660769701004,0.422957629465522,0.010924531943640224,2742.9482560433394,19.41580121630056
151673,Br8100,spagcn,4,0.11272063199322911,0.2626180719697235,0.292852520942688,-0.009725851006805897,0.42245915258931044,0.01134999958040667,2685.8666859491896,18.999867940800446
151674,Br8100,harmony_fixed,,0.19492976267933712,0.28551457992809376,0.04793900748093923,-0.024571942165493965,0.4426868408986703,0.020819473969405197,2088.443680475828,14.7276600541495
151674,Br8100,harmony_native_sensitivity,,0.18792596613256468,0.28626683374597434,0.05277841041485468,-0.020661190152168274,0.45705639614855575,0.021698970447251054,2053.018542974275,14.478428839368044
151674,Br8100,genorefine,0,0.153201450682399,0.24488663381579753,0.023815572261810303,-0.04722856730222702,0.375818431911967,0.015432453836855486,2303.2350629972643,16.266368954356246
151674,Br8100,genorefine,1,0.1163326651680227,0.19613239053136816,0.02306402288377285,-0.04791189730167389,0.37694635488308115,0.018309366012254597,2251.0033342323527,15.896135098601656
151674,Br8100,genorefine,2,0.13805109215069544,0.2163100004517659,0.032417902102073036,-0.04400353506207466,0.3883081155433287,0.017183110333041558,2224.1967434317644,15.69714153323053
151674,Br8100,genorefine,3,0.1175471257033902,0.21202130438779707,0.029145697752634685,-0.0492696650326252,0.3775149014213663,0.017290650660664417,2234.0113710686446,15.770204308045562
151674,Br8100,genorefine,4,0.12868073156568258,0.20581869404089603,0.029610368112723034,-0.043918460607528687,0.3847317744154058,0.016176899670709847,2268.881855439726,16.021983521384055
151674,Br8100,spagcn,0,0.16079087080685459,0.3131596539132228,0.2574654271205266,0.00560529762879014,0.46271435121503895,0.01833104080696928,2336.454955497022,16.518575920521048
151674,Br8100,spagcn,1,0.19074135165696526,0.336647344958841,0.27473894755045575,0.004382445011287928,0.4727281063732233,0.022537618273519237,2281.219728670579,16.107323077575888
151674,Br8100,spagcn,2,0.16532194135468745,0.2900758408204957,0.25632603963216144,-0.031924594193696976,0.44224667583677213,0.02055163543471659,2212.940764507777,15.629576187465535
151674,Br8100,spagcn,3,0.13090058072100846,0.2958015878833623,0.28496459126472473,-0.013901459984481335,0.437542411737735,0.01002328254047649,2880.836808061144,20.40897919337294
151674,Br8100,spagcn,4,0.13357193777907142,0.29803056902936625,0.2958565652370453,-0.022653955966234207,0.4449793672627235,0.011459297236463672,2752.860497932869,19.497921471103076
