section,donor,method,algorithmic_seed,partition,ARI,NMI,clusters
151507,Br5292,graphst,0,mclust,0.4090127320754642,0.6104889329287502,6
151507,Br5292,graphst,0,refined,0.4180010238909279,0.6361986700989595,6
151508,Br5292,graphst,0,mclust,0.4622817524597182,0.6323402026274983,6
151508,Br5292,graphst,0,refined,0.4828790901909715,0.6660289095357879,6
151507,Br5292,graphst,1,mclust,0.4129746827610396,0.6148258484791169,6
151507,Br5292,graphst,1,refined,0.41986624102004744,0.6370956440711704,6
151508,Br5292,graphst,1,mclust,0.46156593182347283,0.6319797761893319,6
151508,Br5292,graphst,1,refined,0.4824048501368452,0.6684367820706323,6
151507,Br5292,graphst,2,mclust,0.4086686442870577,0.606987125482442,6
151507,Br5292,graphst,2,refined,0.4214775325379485,0.6382663010788208,6
151508,Br5292,graphst,2,mclust,0.45893893273253106,0.6313761935942467,6
151508,Br5292,graphst,2,refined,0.4833564502657649,0.6697475113742096,6
151507,Br5292,graphst,3,mclust,0.4011192287233044,0.6094655597683925,6
151507,Br5292,graphst,3,refined,0.4063933824131427,0.6320943233119417,6
151508,Br5292,graphst,3,mclust,0.4524457102048614,0.6303750475586597,6
151508,Br5292,graphst,3,refined,0.4684203632532442,0.6591043004085941,6
151507,Br5292,graphst,4,mclust,0.40828458798799144,0.6125442707196994,6
151507,Br5292,graphst,4,refined,0.4176734868459078,0.6365114098776171,6
151508,Br5292,graphst,4,mclust,0.45892244434782664,0.6343552455572646,6
151508,Br5292,graphst,4,refined,0.47899519280944,0.6668598961228362,6
151669,Br5595,graphst,0,mclust,0.3984008441133079,0.589832873162516,7
151669,Br5595,graphst,0,refined,0.4125873228830516,0.6250735097473068,7
151670,Br5595,graphst,0,mclust,0.3509412687155907,0.5456840463427428,7
151670,Br5595,graphst,0,refined,0.3595611548585186,0.5766927560819355,7
151669,Br5595,graphst,1,mclust,0.4246024243386626,0.5986135453771775,7
151669,Br5595,graphst,1,refined,0.43612249963416244,0.6425929756967591,7
151670,Br5595,graphst,1,mclust,0.3667077190088189,0.5435015693879091,7
151670,Br5595,graphst,1,refined,0.37387762655266005,0.5787348748640917,7
151669,Br5595,graphst,2,mclust,0.4169071446920719,0.5860116675038007,7
151669,Br5595,graphst,2,refined,0.4362152437919109,0.6337147095815424,7
151670,Br5595,graphst,2,mclust,0.3709390722834131,0.5454039168420459,7
151670,Br5595,graphst,2,refined,0.37259477706738386,0.5761274192779652,7
151669,Br5595,graphst,3,mclust,0.4059080305914112,0.5846258124829781,7
151669,Br5595,graphst,3,refined,0.4149787003195854,0.6302753019844204,7
151670,Br5595,graphst,3,mclust,0.3519180810095209,0.5422100739292629,7
151670,Br5595,graphst,3,refined,0.360558878105964,0.5790206177435652,7
151669,Br5595,graphst,4,mclust,0.41563341175394697,0.5776943606765514,7
151669,Br5595,graphst,4,refined,0.43516290397947366,0.6304785867982844,7
151670,Br5595,graphst,4,mclust,0.3590565277223006,0.5352617360435021,7
151670,Br5595,graphst,4,refined,0.376124564890738,0.580289711400229,7
151673,Br8100,graphst,0,mclust,0.6004477841241623,0.7055397473238134,6
151673,Br8100,graphst,0,refined,0.6279893774834371,0.7414595111815158,6
151674,Br8100,graphst,0,mclust,0.6162548453243606,0.7110799949406701,6
151674,Br8100,graphst,0,refined,0.637281893191249,0.7439344502044971,6
151673,Br8100,graphst,1,mclust,0.5915832541816257,0.7007503089984636,6
151673,Br8100,graphst,1,refined,0.6185837532545615,0.7344291134100989,6
151674,Br8100,graphst,1,mclust,0.6283732817279706,0.7186860910570065,6
151674,Br8100,graphst,1,refined,0.6524210459716926,0.7541362534125126,6
151673,Br8100,graphst,2,mclust,0.4404454745690326,0.6008880500180768,6
151673,Br8100,graphst,2,refined,0.46282071663751345,0.6508775042464457,6
151674,Br8100,graphst,2,mclust,0.4647283255088997,0.6137761031239872,6
151674,Br8100,graphst,2,refined,0.48452560919602267,0.6673961153227121,6
151673,Br8100,graphst,3,mclust,0.4850325811097221,0.6222692449317581,6
151673,Br8100,graphst,3,refined,0.5105455975967341,0.6655072945411334,6
151674,Br8100,graphst,3,mclust,0.52077554627413,0.6370069064984223,6
151674,Br8100,graphst,3,refined,0.5547348105668843,0.6838767284699736,6
151673,Br8100,graphst,4,mclust,0.5971977684817728,0.6988410090573401,6
151673,Br8100,graphst,4,refined,0.6279342229320471,0.7368315260672056,6
151674,Br8100,graphst,4,mclust,0.629898507144363,0.7189439717966563,6
151674,Br8100,graphst,4,refined,0.6517022998090688,0.7505403186225178,6
