case_id,backbone,artifact_id,method,replicate_seed,sensitivity_before,sensitivity_after,clean_neighbor_jaccard_before,clean_neighbor_jaccard_after,delta_ARI,delta_purity,delta_target_same_class_fraction,collapsed
pan_scanorama,Scanorama,batch_simplex,genorefine,0,0.36081558588988305,0.955652375715063,0.763586960420317,0.12137412952641491,-0.042223189478385076,-0.03048238188754193,-0.007437908496731982,False
pan_scanorama,Scanorama,batch_simplex,genorefine,1,0.36081558588988305,0.7542030230607021,0.763586960420317,0.12456968506175961,-0.026868919688006476,-0.010981693415498595,0.0015555555555554212,False
pan_scanorama,Scanorama,batch_simplex,genorefine,2,0.36081558588988305,0.8911211079669722,0.763586960420317,0.11744640955861765,-0.018912886651166833,-0.0050134308480621614,0.001372549019607705,False
pan_scanorama,Scanorama,batch_simplex,genorefine,3,0.36081558588988305,0.9527166633034827,0.763586960420317,0.11873692703394133,-0.030292724767102208,-0.01087108643145751,-0.00031372549019614837,False
pan_scanorama,Scanorama,batch_simplex,genorefine,4,0.36081558588988305,0.7596084253991381,0.763586960420317,0.12080119472589815,-0.035531791665233264,-0.008184916819033439,0.003039215686274521,False
pan_scanorama,Scanorama,batch_simplex,idec,0,0.36081558588988305,0.044075421743461685,0.763586960420317,0.06342447482427847,-0.04027101395674704,-0.1150132051195234,-0.03996732026143801,False
pan_scanorama,Scanorama,batch_simplex,idec,1,0.36081558588988305,0.046850235127562326,0.763586960420317,0.05490615666790593,-0.06457255895208894,-0.16585855849755093,-0.03781699346405243,False
pan_scanorama,Scanorama,batch_simplex,idec,2,0.36081558588988305,0.02891900285473537,0.763586960420317,0.06854872742872685,-0.0068321283244612285,-0.10147175007336173,-0.02342483660130723,False
pan_scanorama,Scanorama,batch_simplex,idec,3,0.36081558588988305,0.04306723372236248,0.763586960420317,0.06929521705041468,-0.02430570190945161,-0.0726778176564864,-0.018588235294117683,False
pan_scanorama,Scanorama,batch_simplex,idec,4,0.36081558588988305,0.0346950076547047,0.763586960420317,0.07083728758360602,0.005111061650690918,-0.10221665425159698,-0.03240522875816987,False
pan_scanorama,Scanorama,target_local_warp,genorefine,0,0.08420831475176434,0.033896063360014196,0.8910512690631252,0.11636005326408455,-0.04084867548874155,-0.002541703347554214,0.0007843137254901489,False
pan_scanorama,Scanorama,target_local_warp,genorefine,1,0.08420831475176434,0.03164879722939245,0.8910512690631252,0.11793843062038542,-0.030180752859032267,-0.0017967991693189633,0.0007124183006537166,False
pan_scanorama,Scanorama,target_local_warp,genorefine,2,0.08420831475176434,0.04132501893418523,0.8910512690631252,0.11855288896093326,-0.024628597353183346,-0.002817092164962398,0.0005359477124183831,False
pan_scanorama,Scanorama,target_local_warp,genorefine,3,0.08420831475176434,0.03215461925857302,0.8910512690631252,0.11453382728227993,-0.02241172128789043,-0.0020902462698358937,0.0006732026143793091,False
pan_scanorama,Scanorama,target_local_warp,genorefine,4,0.08420831475176434,0.032486979137308844,0.8910512690631252,0.11251517318387468,-0.005300149338450633,-0.002864495158122815,0.0005032679738563584,False
pan_scanorama,Scanorama,target_local_warp,idec,0,0.08420831475176434,0.017280177415176665,0.8910512690631252,0.07645740789605589,-0.1151477384694235,-0.06617457845195374,-0.011307189542483553,False
pan_scanorama,Scanorama,target_local_warp,idec,1,0.08420831475176434,0.017744499790612347,0.8910512690631252,0.0682034977750991,-0.14643922726818365,-0.11501320511952318,-0.051235294117646935,False
pan_scanorama,Scanorama,target_local_warp,idec,2,0.08420831475176434,0.03428219060820334,0.8910512690631252,0.06225873178029216,-0.1146512332587214,-0.06823096544096063,-0.014771241830065174,False
pan_scanorama,Scanorama,target_local_warp,idec,3,0.08420831475176434,0.013763070727397686,0.8910512690631252,0.06785453099483635,-0.0918860704259829,-0.08065957879054653,-0.016156862745097977,False
pan_scanorama,Scanorama,target_local_warp,idec,4,0.08420831475176434,0.026806865348101845,0.8910512690631252,0.07291059544753814,-0.10915316814400006,-0.09172704905081142,-0.009267973856209144,False
pan_harmony,Harmony,batch_simplex,genorefine,0,0.21561576321738093,0.2809909107531484,0.5650064168091021,0.40567467668980656,0.02806929077835213,-0.00667027832328837,-0.0019477124183006067,False
pan_harmony,Harmony,batch_simplex,genorefine,1,0.21561576321738093,0.2636981046976142,0.5650064168091021,0.4061963949334392,-0.008476154764311794,-0.007530304056341808,-0.002699346405228842,False
pan_harmony,Harmony,batch_simplex,genorefine,2,0.21561576321738093,0.2579540011412318,0.5650064168091021,0.41347217231915573,0.031221533242934196,-0.008257149951468423,-0.003013071895424657,False
pan_harmony,Harmony,batch_simplex,genorefine,3,0.21561576321738093,0.26117400555971726,0.5650064168091021,0.4144146843301074,0.017492395979349595,-0.0100968375431707,-0.003130718954248324,False
pan_harmony,Harmony,batch_simplex,genorefine,4,0.21561576321738093,0.2757554862797742,0.5650064168091021,0.41421645852791156,0.011219470391771347,-0.0067267104580032155,-0.0025490196078429284,False
pan_harmony,Harmony,batch_simplex,idec,0,0.21561576321738093,0.1807886257916146,0.5650064168091021,0.30405262640369857,0.34354524874813724,-0.06638450599309265,-0.015235294117647014,False
pan_harmony,Harmony,batch_simplex,idec,1,0.21561576321738093,0.14847529761882983,0.5650064168091021,0.29961841445717513,0.4735022720483793,-0.08090336561251443,-0.01932679738562093,False
pan_harmony,Harmony,batch_simplex,idec,2,0.21561576321738093,0.16365402952091446,0.5650064168091021,0.2891127196722184,0.2546401309737381,-0.0904629692332003,-0.03237254901960773,False
pan_harmony,Harmony,batch_simplex,idec,3,0.21561576321738093,0.14687942463635492,0.5650064168091021,0.3053844224808857,0.38896900361412207,-0.07752195210040413,-0.018398692810457473,False
pan_harmony,Harmony,batch_simplex,idec,4,0.21561576321738093,0.14146289677159612,0.5650064168091021,0.29848782292374715,0.3384085363985056,-0.08046996681790486,-0.01629411764705868,False
pan_harmony,Harmony,target_local_warp,genorefine,0,0.026610274474197393,0.05089774610641689,0.821418744459777,0.5056110887722064,0.027925296341177908,-0.003469447642265533,0.0003790849673201979,False
pan_harmony,Harmony,target_local_warp,genorefine,1,0.026610274474197393,0.050271776639096974,0.821418744459777,0.49698190113012236,-0.02086563831128707,-0.003873501726823214,-0.001183006535947606,False
pan_harmony,Harmony,target_local_warp,genorefine,2,0.026610274474197393,0.047183909906047206,0.821418744459777,0.49727110745092046,0.011065474427347621,-0.002478499356673658,5.8823529411999864e-05,False
pan_harmony,Harmony,target_local_warp,genorefine,3,0.026610274474197393,0.04593874874562516,0.821418744459777,0.5054535814180836,0.012469188598972947,-0.004322701519153149,-0.0014052287581698408,False
pan_harmony,Harmony,target_local_warp,genorefine,4,0.026610274474197393,0.04704531302898002,0.821418744459777,0.49036650240192386,0.005497116346981579,-0.0045506873434009165,-0.00028104575163379053,False
pan_harmony,Harmony,target_local_warp,idec,0,0.026610274474197393,0.05202731221582513,0.821418744459777,0.3256843380309129,0.18646914840844975,-0.07606826031015113,-0.03213071895424846,False
pan_harmony,Harmony,target_local_warp,idec,1,0.026610274474197393,0.05959624219266415,0.821418744459777,0.33092770614146744,0.16790175933771756,-0.08021715085438252,-0.03441830065359475,False
pan_harmony,Harmony,target_local_warp,idec,2,0.026610274474197393,0.05586456421417172,0.821418744459777,0.3284557485923113,0.1333728887909449,-0.06993070133857016,-0.03260784313725473,False
pan_harmony,Harmony,target_local_warp,idec,3,0.026610274474197393,0.05293437688470317,0.821418744459777,0.32658162997541623,0.20021569959766272,-0.07054694024965569,-0.018614379084967214,False
pan_harmony,Harmony,target_local_warp,idec,4,0.026610274474197393,0.0542727665413026,0.821418744459777,0.3383823307228418,0.10905644811327353,-0.06870725265795352,-0.02563398692810448,False
hp_scanorama,Scanorama,batch_simplex,genorefine,0,0.3685363538844843,1.0599633744886026,0.4339084887981517,0.08297203241033163,0.006105710172060436,-0.027397957107394233,-6.67516232779608e-05,False
hp_scanorama,Scanorama,batch_simplex,genorefine,1,0.3685363538844843,1.027476711146115,0.4339084887981517,0.08239091072741465,-0.003805123267133975,-0.03827778456028963,-0.024109472662176112,False
hp_scanorama,Scanorama,batch_simplex,genorefine,2,0.3685363538844843,1.0205650013415242,0.4339084887981517,0.08039969689855078,0.00788165201032584,-0.029477475277743692,-0.003325444505127728,False
hp_scanorama,Scanorama,batch_simplex,genorefine,3,0.3685363538844843,0.9496514654596754,0.4339084887981517,0.08177323463869958,0.010004624354062464,-0.0359825825092579,-0.007112082043813306,False
hp_scanorama,Scanorama,batch_simplex,genorefine,4,0.3685363538844843,1.046064970517566,0.4339084887981517,0.08222879934724396,0.003969886407206691,-0.034513490416310466,-0.01027368165544007,False
hp_scanorama,Scanorama,batch_simplex,idec,0,0.3685363538844843,0.08389692459501419,0.4339084887981517,0.049840200674943304,0.04716389457971254,-0.11417816302445749,-0.03270222707688564,False
hp_scanorama,Scanorama,batch_simplex,idec,1,0.3685363538844843,0.11005814291593895,0.4339084887981517,0.05237288122851079,0.042573861367108945,-0.12030480608798266,-0.026172704654408574,False
hp_scanorama,Scanorama,batch_simplex,idec,2,0.3685363538844843,0.1059759890523015,0.4339084887981517,0.05544573091692798,0.030000868267941294,-0.15643389085581716,-0.051386613265367975,False
hp_scanorama,Scanorama,batch_simplex,idec,3,0.3685363538844843,0.10776277368346536,0.4339084887981517,0.0502692301269489,0.05599809682001225,-0.13009604036951128,-0.040845925116815396,False
hp_scanorama,Scanorama,batch_simplex,idec,4,0.3685363538844843,0.10163348662270123,0.4339084887981517,0.05518385915005284,0.08922927476339718,-0.11554958694502093,-0.03205291583227132,False
hp_scanorama,Scanorama,target_local_warp,genorefine,0,0.07789927254268215,0.025016971627684823,0.8325899521632223,0.08814158525025557,-0.10609638723765064,-0.011174866723639765,0.0017840888403420907,False
hp_scanorama,Scanorama,target_local_warp,genorefine,1,0.07789927254268215,0.022343172846896697,0.8325899521632223,0.09465580229768668,-0.13857159587233375,-0.03336792414438616,0.001037684325505217,False
hp_scanorama,Scanorama,target_local_warp,genorefine,2,0.07789927254268215,0.022303435289735142,0.8325899521632223,0.09041912635146959,-0.11487000931791497,-0.011054816261750644,0.0018751137811758856,False
hp_scanorama,Scanorama,target_local_warp,genorefine,3,0.07789927254268215,0.019860109826456196,0.8325899521632223,0.09463702688184733,-0.11844895544291029,-0.016564928987099603,0.0011469142545056377,False
hp_scanorama,Scanorama,target_local_warp,genorefine,4,0.07789927254268215,0.01723821064991688,0.8325899521632223,0.09119925431307695,-0.14087450181591077,-0.014467098034428028,0.001978275380787542,False
hp_scanorama,Scanorama,target_local_warp,idec,0,0.07789927254268215,0.022981132102169607,0.8325899521632223,0.058317339089990136,-0.2690392637838204,-0.1061530948602124,-0.04321257357849384,False
hp_scanorama,Scanorama,target_local_warp,idec,1,0.07789927254268215,0.015580512914591376,0.8325899521632223,0.06141322664174296,-0.24158269807242316,-0.0852948357953851,-0.041810789489653555,False
hp_scanorama,Scanorama,target_local_warp,idec,2,0.07789927254268215,0.01633466039165567,0.8325899521632223,0.05278951758183373,-0.27259417006777253,-0.11963333740284043,-0.03624613144001476,False
hp_scanorama,Scanorama,target_local_warp,idec,3,0.07789927254268215,0.012705433624491117,0.8325899521632223,0.0633842304612488,-0.2227489793931035,-0.09536686607251854,-0.016481582620304747,False
hp_scanorama,Scanorama,target_local_warp,idec,4,0.07789927254268215,0.01184179998879524,0.8325899521632223,0.06046668836273946,-0.2568885690166367,-0.09619094127701133,-0.016202439468414487,False
hp_harmony,Harmony,batch_simplex,genorefine,0,0.09939106727585802,0.1918709637728302,0.347867965358013,0.2520739104089339,-0.029352851537567226,-0.006785903227119139,-0.001626312276230335,False
hp_harmony,Harmony,batch_simplex,genorefine,1,0.09939106727585802,0.17831246343477294,0.347867965358013,0.25269538465082825,-0.03044341499869979,-0.00763032596752522,-0.0017780205109533265,False
hp_harmony,Harmony,batch_simplex,genorefine,2,0.09939106727585802,0.18907943030732216,0.347867965358013,0.25412255639711684,-0.029782449085948515,-0.005615919912098533,-0.0010740943018388016,False
hp_harmony,Harmony,batch_simplex,genorefine,3,0.09939106727585802,0.18587132667840695,0.347867965358013,0.2528335375438078,-0.028264551449537323,-0.0086619460383347,-0.003155531282238111,False
hp_harmony,Harmony,batch_simplex,genorefine,4,0.09939106727585802,0.18379414330595265,0.347867965358013,0.253180270475135,-0.02669360643377705,-0.008080006511211435,-0.001626312276230557,False
hp_harmony,Harmony,batch_simplex,idec,0,0.09939106727585802,0.13858756154488489,0.347867965358013,0.21658960311390235,0.2252035346329218,-0.07358889838440563,-0.028660719703865745,False
hp_harmony,Harmony,batch_simplex,idec,1,0.09939106727585802,0.14180029722614026,0.347867965358013,0.22249918215482797,0.26900243471875546,-0.07374760916453005,-0.029959342193094374,False
hp_harmony,Harmony,batch_simplex,idec,2,0.09939106727585802,0.1475356599831256,0.347867965358013,0.21382960426895328,0.16477250743711924,-0.07292963822081144,-0.028630378056921035,False
hp_harmony,Harmony,batch_simplex,idec,3,0.09939106727585802,0.1368779075684467,0.347867965358013,0.20940094780090818,0.1168379465190213,-0.07879583282464486,-0.024334000849566162,False
hp_harmony,Harmony,batch_simplex,idec,4,0.09939106727585802,0.1392769461884174,0.347867965358013,0.2191262603429347,0.2638533156698643,-0.060422007894843865,-0.012640330117118959,False
hp_harmony,Harmony,target_local_warp,genorefine,0,0.006511877979250053,0.012047847390025429,0.873368605914144,0.4706699352874342,0.0043521090711262644,-0.002154804053229098,0.00011529825838940688,False
hp_harmony,Harmony,target_local_warp,genorefine,1,0.006511877979250053,0.012660923366964932,0.873368605914144,0.47950871145373525,0.0015850417487404123,-0.0037398771008830822,-0.00046726136294683585,False
hp_harmony,Harmony,target_local_warp,genorefine,2,0.006511877979250053,0.012577622308894539,0.873368605914144,0.46584746389879256,-0.01459369539604305,-0.0037032515362389606,-0.0017537471933977145,False
hp_harmony,Harmony,target_local_warp,genorefine,3,0.006511877979250053,0.012484303988098534,0.873368605914144,0.4725913288902477,-0.027052621428433343,-0.004684002767264883,-0.0015959706292857367,False
hp_harmony,Harmony,target_local_warp,genorefine,4,0.006511877979250053,0.013581130718449078,0.873368605914144,0.4741824468211304,-0.0015172962307715698,-0.0038965531274162135,-0.0004429880453910018,False
hp_harmony,Harmony,target_local_warp,idec,0,0.006511877979250053,0.017412380332749004,0.873368605914144,0.2993793488295173,-0.012156861684142095,-0.05514589183249896,-0.01727046544086419,False
hp_harmony,Harmony,target_local_warp,idec,1,0.006511877979250053,0.016991371906635685,0.873368605914144,0.3005184877387402,-0.022466345320193093,-0.05454970903023648,-0.02042599672310197,False
hp_harmony,Harmony,target_local_warp,idec,2,0.006511877979250053,0.019285098792529796,0.873368605914144,0.2993784899987122,-0.030846949769425924,-0.06568184592845805,-0.02573578493840656,False
hp_harmony,Harmony,target_local_warp,idec,3,0.006511877979250053,0.019054372541689586,0.873368605914144,0.30305220654419335,-0.011325354900974638,-0.052787612420135854,-0.017082347229807615,False
hp_harmony,Harmony,target_local_warp,idec,4,0.006511877979250053,0.019058792897678013,0.873368605914144,0.3018381620546636,-0.03693967325393155,-0.0621820697513531,-0.021075307967716284,False
mouse_scanorama,Scanorama,batch_simplex,genorefine,0,0.25681136718268216,0.053723129813931465,0.6544602368559395,0.09501496847435903,0.021700622112567458,-0.10371266666666656,-0.014936998854524597,False
mouse_scanorama,Scanorama,batch_simplex,genorefine,1,0.25681136718268216,0.07502314279748638,0.6544602368559395,0.09295885855918623,-0.02911830595134174,-0.10839466666666653,-0.0038258877434135252,False
mouse_scanorama,Scanorama,batch_simplex,genorefine,2,0.25681136718268216,0.07562530427520418,0.6544602368559395,0.09273005779719223,0.024452332500633556,-0.10501933333333335,-0.00623902252768227,False
mouse_scanorama,Scanorama,batch_simplex,genorefine,3,0.25681136718268216,0.09260718276991665,0.6544602368559395,0.09282049478830566,0.02043124399873969,-0.10148999999999997,-0.007781596029018623,False
mouse_scanorama,Scanorama,batch_simplex,genorefine,4,0.25681136718268216,0.08654365517914196,0.6544602368559395,0.0942207047028332,0.01955305504115351,-0.09807066666666664,-0.011134020618556617,False
mouse_scanorama,Scanorama,batch_simplex,idec,0,0.25681136718268216,0.006084232045902201,0.6544602368559395,0.05582419408258156,-0.03270443746074825,-0.206414,-0.014043528064146549,False
mouse_scanorama,Scanorama,batch_simplex,idec,1,0.25681136718268216,0.004256349529196925,0.6544602368559395,0.061705156541465356,-0.06968996358233315,-0.16727066666666657,-0.014852997327224116,False
mouse_scanorama,Scanorama,batch_simplex,idec,2,0.25681136718268216,0.004611084000731336,0.6544602368559395,0.06161313504482899,-0.07837385362694227,-0.17334399999999994,-0.017762504772813936,False
mouse_scanorama,Scanorama,batch_simplex,idec,3,0.25681136718268216,0.0035854582710918366,0.6544602368559395,0.05985498554893559,-0.07985675296637917,-0.17365533333333316,-0.015028636884307,False
mouse_scanorama,Scanorama,batch_simplex,idec,4,0.25681136718268216,0.003913419426575382,0.6544602368559395,0.05722815067105099,-0.06475510750733882,-0.18024266666666655,-0.014654448262695574,False
mouse_scanorama,Scanorama,target_local_warp,genorefine,0,0.008635811099958693,0.0029290962117564418,0.931024047327071,0.09438606363541915,-0.03356415894717579,-0.10334399999999999,0.007957235586101619,False
mouse_scanorama,Scanorama,target_local_warp,genorefine,1,0.008635811099958693,0.0016055469575907198,0.931024047327071,0.09628964213783371,-0.04485385942756759,-0.09959866666666684,0.003970981290568942,False
mouse_scanorama,Scanorama,target_local_warp,genorefine,2,0.008635811099958693,0.0016510072820719525,0.931024047327071,0.09602681712964699,-0.03677415592163602,-0.10025066666666671,0.0017411225658648943,False
mouse_scanorama,Scanorama,target_local_warp,genorefine,3,0.008635811099958693,0.010352104816907027,0.931024047327071,0.09300752711692294,-0.05320812504550837,-0.10142666666666666,0.02244368079419634,False
mouse_scanorama,Scanorama,target_local_warp,genorefine,4,0.008635811099958693,0.0008447635400609824,0.931024047327071,0.09596861774560733,-0.02351220558210565,-0.10512533333333329,-0.014150439098892686,False
mouse_scanorama,Scanorama,target_local_warp,idec,0,0.008635811099958693,3.315302063693282e-05,0.931024047327071,0.07212531343704531,-0.0819108520644527,-0.1561553333333333,-0.04788087056128287,False
mouse_scanorama,Scanorama,target_local_warp,idec,1,0.008635811099958693,3.869427193484651e-05,0.931024047327071,0.05845777714198554,-0.07805324964147575,-0.17723066666666665,-0.04947689957999235,False
mouse_scanorama,Scanorama,target_local_warp,idec,2,0.008635811099958693,2.8759406606600566e-05,0.931024047327071,0.06117639338050219,-0.07495036766923796,-0.17137999999999998,-0.021023291332569638,False
mouse_scanorama,Scanorama,target_local_warp,idec,3,0.008635811099958693,2.64646857893387e-05,0.931024047327071,0.0650789234252548,-0.08234142940788458,-0.1631986666666666,-0.02589537991599833,False
mouse_scanorama,Scanorama,target_local_warp,idec,4,0.008635811099958693,2.3248581510812073e-05,0.931024047327071,0.06410478894465672,-0.07778830206490306,-0.1659493333333334,-0.015250095456280977,False
mouse_harmony,Harmony,batch_simplex,genorefine,0,0.0828532949850588,0.06770183401590694,0.6192405590185799,0.4134249192307959,-0.0020950089254285764,-0.0014039999999999608,0.0003207331042381911,False
mouse_harmony,Harmony,batch_simplex,genorefine,1,0.0828532949850588,0.0723617812280062,0.6192405590185799,0.4114325563002839,0.0007052966809563688,-0.0016053333333331254,-0.0027185948835434237,False
mouse_harmony,Harmony,batch_simplex,genorefine,2,0.0828532949850588,0.0674223225550936,0.6192405590185799,0.41399586031182706,-0.002390514763821572,-0.0022806666666668196,-0.0039251622756777405,False
mouse_harmony,Harmony,batch_simplex,genorefine,3,0.0828532949850588,0.0651064055365877,0.6192405590185799,0.41370132545296956,0.0014763070674078116,-0.00241866666666668,-0.0024589537991600574,False
mouse_harmony,Harmony,batch_simplex,genorefine,4,0.0828532949850588,0.06933504784546982,0.6192405590185799,0.41640471636709153,-0.004164284620264858,-0.0021820000000001283,-0.002214585719740425,False
mouse_harmony,Harmony,batch_simplex,idec,0,0.0828532949850588,0.027518170387338132,0.6192405590185799,0.3426652724707485,0.029299342099006143,-0.0380879999999999,0.0025735013363877846,False
mouse_harmony,Harmony,batch_simplex,idec,1,0.0828532949850588,0.023423870881326875,0.6192405590185799,0.35796974101122325,0.017732951432854638,-0.04355666666666669,-2.2909507445656452e-05,False
mouse_harmony,Harmony,batch_simplex,idec,2,0.0828532949850588,0.03250645026868805,0.6192405590185799,0.3423701487978481,0.043671215736096836,-0.03742600000000007,-0.0037495227185949664,False
mouse_harmony,Harmony,batch_simplex,idec,3,0.0828532949850588,0.024657257330256855,0.6192405590185799,0.34200188566198153,0.02325399753959051,-0.04159400000000013,-0.0023367697594501857,False
mouse_harmony,Harmony,batch_simplex,idec,4,0.0828532949850588,0.021346675507635266,0.6192405590185799,0.357614191754836,0.02701777548029638,-0.04395199999999999,0.0010462008400152767,False
mouse_harmony,Harmony,target_local_warp,genorefine,0,0.002159195699713119,0.003671655740807771,0.9430015064724344,0.5136108165386832,-0.002302890831692661,-0.0034533333333334193,-0.0038182512409317138,False
mouse_harmony,Harmony,target_local_warp,genorefine,1,0.002159195699713119,0.0032432775210470464,0.9430015064724344,0.5176705838816179,0.002618488879531533,-0.002925999999999984,-0.0066819396716304436,False
mouse_harmony,Harmony,target_local_warp,genorefine,2,0.002159195699713119,0.0030798212995660425,0.9430015064724344,0.5129198687453572,-0.0034821116860036527,-0.0023653333333333304,-0.009033982436044363,False
mouse_harmony,Harmony,target_local_warp,genorefine,3,0.002159195699713119,0.003235437932274007,0.9430015064724344,0.5128629159289844,0.0021323600569447265,-0.003898666666666828,-0.008186330660557517,False
mouse_harmony,Harmony,target_local_warp,genorefine,4,0.002159195699713119,0.0031196967396348767,0.9430015064724344,0.5138678951420479,-0.001766519061443761,-0.004346666666666721,-0.008255059182894375,False
mouse_harmony,Harmony,target_local_warp,idec,0,0.002159195699713119,0.003187041663351108,0.9430015064724344,0.37635704875589976,-0.019900158569720994,-0.03134933333333334,-0.029988545246277254,False
mouse_harmony,Harmony,target_local_warp,idec,1,0.002159195699713119,0.0031194159546796317,0.9430015064724344,0.37274859254563736,-0.008008987049864746,-0.03182666666666656,-0.030393279877815926,False
mouse_harmony,Harmony,target_local_warp,idec,2,0.002159195699713119,0.0034307548219387625,0.9430015064724344,0.3738880376840352,-0.010788171899119292,-0.03243533333333326,-0.026842306223749612,False
mouse_harmony,Harmony,target_local_warp,idec,3,0.002159195699713119,0.003011013394282233,0.9430015064724344,0.3763101466600418,-0.033730037799931334,-0.032606000000000135,-0.03162275677739601,False
mouse_harmony,Harmony,target_local_warp,idec,4,0.002159195699713119,0.0033163507510884983,0.9430015064724344,0.37794479544034104,-0.018576381847097034,-0.030878000000000072,-0.03379152348224512,False
