case_id,dataset,backbone,ARI_upstream,ARI_GenoRefine_mean,ARI_GenoRefine_sd,ARI_GenoRefine_min,ARI_GenoRefine_max,ARI_IDEC_mean,ARI_IDEC_sd,ARI_IDEC_min,ARI_IDEC_max,SIL_cluster_upstream,SIL_cluster_GenoRefine_mean,SIL_cluster_GenoRefine_sd,SIL_cluster_GenoRefine_min,SIL_cluster_GenoRefine_max,SIL_cluster_IDEC_mean,SIL_cluster_IDEC_sd,SIL_cluster_IDEC_min,SIL_cluster_IDEC_max,iLISI_upstream,iLISI_GenoRefine_mean,iLISI_GenoRefine_sd,iLISI_GenoRefine_min,iLISI_GenoRefine_max,iLISI_IDEC_mean,iLISI_IDEC_sd,iLISI_IDEC_min,iLISI_IDEC_max,local_label_purity_upstream,local_label_purity_GenoRefine_mean,local_label_purity_GenoRefine_sd,local_label_purity_GenoRefine_min,local_label_purity_GenoRefine_max,local_label_purity_IDEC_mean,local_label_purity_IDEC_sd,local_label_purity_IDEC_min,local_label_purity_IDEC_max
hp_scanorama,HP-CB,Scanorama,0.6716561557686849,0.41904402584001704,0.035526309776324996,0.3812597046513093,0.46508233438428537,0.2609869220533286,0.02214299069825946,0.22491579534314943,0.2856265183149634,0.172929888192583,0.6529516537984212,0.02216224141606044,0.6213899254798889,0.6729324062665304,0.40245987023877844,0.033131749717043774,0.3661948009602006,0.42835866698917113,0.12495842576026917,0.1791260361671448,0.006231000913676867,0.1742546558380127,0.18823611736297607,0.2522545099258423,0.008398458490273906,0.24381738901138306,0.26584798097610474,0.9627192446994669,0.9495018923208399,0.007922832022298749,0.9395393317869206,0.9569201969641477,0.8469242664713303,0.025677244947734035,0.8196923452569894,0.8844178569975176
hp_harmony,HP-CB,Harmony,0.821296406251933,0.8232976932216697,0.0020252278340986427,0.8209012821677476,0.8261308544438474,0.802677444922286,0.004666043033501648,0.7951541502834526,0.8074434314498345,0.24259529338404112,0.17960926691691081,0.010762630375572846,0.16829601923624674,0.19723013540109,0.05820717355768379,0.014272286996371463,0.036915815082860674,0.07537857268598115,0.17726272344589233,0.19322153329849243,0.0010655545573844865,0.19209074974060059,0.1947462558746338,0.21430845856666564,0.002373748720769064,0.21175798773765564,0.21784818172454834,0.9534387335693648,0.9475102755056363,0.0012348604220388099,0.9463720343466406,0.949611362064054,0.8991218003499777,0.00323410805007627,0.8957168436902292,0.9035709925528019
hp_seurat,HP-CB,Seurat,0.8304158250682124,0.9154392915105874,0.004919217890920448,0.9081918974839227,0.9198326049461172,0.8508782995019281,0.04068827103915601,0.7941616002850549,0.8985916310049306,0.3559744155295487,0.2695509910583496,0.031060569419461267,0.2178738315900167,0.2967223525047302,0.05847756400051373,0.05856455171773074,-0.008713371847646928,0.12069709431030991,0.2510303854942322,0.267787766456604,0.00044164695416801686,0.26729816198349,0.26851028203964233,0.26991628408432006,0.0018130210422858603,0.2684943675994873,0.27301889657974243,0.9497700728441787,0.9489496601961502,0.00048249709944469567,0.9483396410694666,0.9496398486143328,0.9347653929109185,0.0014868838481248822,0.9327554633133929,0.9364505758352664
hp_inmf,HP-CB,Online iNMF,0.5349346717957106,0.5904127533742142,0.012371481663802546,0.5759598839392898,0.6038304107125928,0.3794489056388044,0.01812664647857025,0.35907767029983034,0.4089479057523839,0.13708132021234395,0.20627727409203847,0.024935784612523576,0.16846499343713126,0.22990835706392923,0.25235357492056465,0.005032084361302185,0.2478553175524527,0.25947403090883914,0.13856017589569092,0.1339419364929199,0.000851437157659603,0.1331276297569275,0.1353321075439453,0.15791537761688232,0.007845964755846585,0.15248709917068481,0.17117056250572205,0.9498290806983275,0.9501778374638832,0.0008442126198265514,0.9491515077524112,0.9512391649371261,0.9393737028445855,0.002720589049382472,0.9370386196231636,0.9431327066292272
pan_scanorama,Pancreas,Scanorama,0.389595880427464,0.37969858614797075,0.009534051740248047,0.36767333539432095,0.39021534142042813,0.25476175685145025,0.016922304919039385,0.2291449033460557,0.27667800724008057,0.1620743470844589,0.6576051155726115,0.020597250754124465,0.6354232231775919,0.6843494375546774,0.307331541494261,0.01963272284206868,0.2764254758628936,0.3297962797753407,0.019475430250167847,0.05325168967247009,0.007894909539820026,0.03968062996864319,0.05876201391220093,0.15154709815979003,0.014161643323119472,0.13189157843589783,0.16979679465293884,0.9530597503442361,0.9532850274260175,0.0023254369580761225,0.9503961535856978,0.9557052888196654,0.8498611769486017,0.023174072579077838,0.8166000767477032,0.878352633123406
pan_harmony,Pancreas,Harmony,0.6998329574801603,0.7194492027206476,0.01294356465263112,0.7003229070411181,0.7337773113302014,0.7599717254161121,0.057154467453069825,0.7121615103445633,0.8533808371119939,0.15098804732163748,0.10267072518666585,0.006254097825519066,0.09407131125529607,0.11133026083310445,0.032690745521795246,0.01785961537273618,0.008601547954420634,0.05451800052592451,0.12106320261955261,0.12030578255653382,0.0027024009440576938,0.11672565340995789,0.12338501214981079,0.18012176752090453,0.006577599475078193,0.16894325613975525,0.1850632131099701,0.9470057109320332,0.9386740705627412,0.002087182916964795,0.9360669059389178,0.9413918421706056,0.8726480214893569,0.005456739026501385,0.8653980722782781,0.8798582424775965
pan_seurat,Pancreas,Seurat,0.6638647670578773,0.7165675229984628,0.0228889427233081,0.6800353708169379,0.7393202319415446,0.841525645450439,0.04329869751776336,0.7968564120260965,0.9049882407862821,0.1961522918085962,0.14821071326732635,0.004250317436540369,0.14282757540543875,0.1544656107823054,0.030791415705141458,0.014218716042084278,0.016943464076196534,0.04597994770332112,0.2651892900466919,0.2698298215866089,0.0016577481997842726,0.26759493350982666,0.27201753854751587,0.28137993812561035,0.0025814299947542942,0.2791372537612915,0.28428977727890015,0.9502155707546104,0.9459488499130946,0.0005627603067633027,0.9449741540823007,0.9464075303040563,0.8914146407530305,0.003686236403765803,0.8876526489244035,0.8961377847001196
pan_inmf,Pancreas,Online iNMF,0.42754082147351147,0.5138101948127133,0.010575136993386068,0.502537770640781,0.525868884290638,0.48858243009049396,0.023126360975717197,0.4593570729549043,0.5184167354108724,0.13680181733292673,0.13450251619021097,0.008888558408262984,0.12282125155131023,0.1461779773235321,0.2721331203537631,0.022162472275451837,0.2482883567313037,0.30164525735023284,0.018447846174240112,0.017493927478790285,0.0005836544001919188,0.01664555072784424,0.018135160207748413,0.041198521852493286,0.004411968629774719,0.03479310870170593,0.04674753546714783,0.9289158258278594,0.932351414189296,0.0010112172461180253,0.9309428681068148,0.9337215864201711,0.9262165639601815,0.00231563564103089,0.9240446039592787,0.9290873795173924
mouse_scanorama,Mouse,Scanorama,0.5403241853198877,0.5367738408257314,0.022305710137381283,0.5159817371598331,0.567717232886329,0.46611328358854276,0.0027380559442516527,0.4637172089056153,0.47056844545799165,0.23585767481106712,0.7435946146647135,0.034552104183636544,0.6848474343617758,0.768860399723053,0.46402312275846586,0.06422106985409827,0.4165755151664301,0.5716762228784095,0.3441493511199951,0.48865272998809817,0.00876458767429593,0.4755845069885254,0.49811291694641113,0.5678052186965943,0.01346836661052752,0.5490106344223022,0.5855705738067627,0.6992066666666669,0.6095932,0.0027929749332527105,0.6069586666666666,0.614064,0.5509593333333334,0.005693079209785215,0.5420006666666667,0.556132
mouse_harmony,Mouse,Harmony,0.5041956259155038,0.5066974120465042,0.001612584604322607,0.5038180450900466,0.5075124643798853,0.4982210148088377,0.00575236348736516,0.49114560303581895,0.5051314443720492,0.27226776990003687,0.24488508303960163,0.0038602039087480985,0.24031254152456918,0.24909645318984985,0.13940334297676893,0.006401231502053113,0.13290915291377076,0.1489888781770927,0.3838684558868408,0.40223031044006347,0.002209552098438332,0.3999464511871338,0.40539002418518066,0.44529118537902834,0.0056791524081926704,0.4370284080505371,0.45059680938720703,0.6614586666666666,0.6592533333333334,0.0003716330328578108,0.6588226666666667,0.659692,0.6329348,0.001104642264868201,0.6319553333333334,0.6344179999999999
mouse_seurat,Mouse,Seurat,0.5142763738927476,0.5076059456242712,0.007808490051007452,0.49429967733761465,0.514071338715244,0.4947915527906484,0.006504440462731963,0.48696616354677624,0.5029884585011613,0.27966387719798635,0.2560807238022486,0.005117394780231941,0.25197966893513996,0.2644783854484558,0.1457731774211242,0.007723452545550384,0.13329635268906595,0.15294902809497518,0.4831784963607788,0.5064821481704712,0.003213503826602893,0.5024402141571045,0.5098847150802612,0.5349790811538696,0.004723375132648462,0.5311329364776611,0.5417280197143555,0.6658813333333333,0.663212,0.0007807613093783824,0.662108,0.6643053333333334,0.6371393333333334,0.0008346417727917189,0.6359473333333334,0.6381580000000001
mouse_inmf,Mouse,Online iNMF,0.5066490904622133,0.4606852214948121,0.019143125894558254,0.4479760340476272,0.4945469761681647,0.44510700622450233,0.010164360823342171,0.43054025328408135,0.4583318337569153,0.4187026971654354,0.49854803284009297,0.009777600654217242,0.4884045918782552,0.5105116069316864,0.6342588262133952,0.08175024055924571,0.5312886204987196,0.7094792955833642,0.2823910713195801,0.21965434551239013,0.005169968981967322,0.21075797080993652,0.22300195693969727,0.10887773036956787,0.012552507553716941,0.08900642395019531,0.1209942102432251,0.5915806666666668,0.5874777333333333,0.0009776880438621875,0.5861026666666667,0.5885633333333333,0.5723884,0.0021042491719798304,0.5695466666666666,0.5745673333333333
