case_id,dataset,backbone,artifact,method,full_screen_passed,sensitivity_passed,sensitivity_mean_reduction,sensitivity_positive_seeds,recovery_passed,recovery_mean_gain,recovery_positive_seeds,preservation_passed,mean_delta_ARI,mean_delta_purity,mean_delta_target_same_class_fraction
pan_scanorama,Pancreas,Scanorama,batch_simplex,genorefine,False,False,-0.5018447331991885,0,False,-0.6430012912389907,0,False,-0.03076590244997877,-0.013106701880318728,-0.00035686274509809656
pan_scanorama,Pancreas,Scanorama,batch_simplex,idec,False,True,0.32129420566931777,5,False,-0.6981845877093307,0,False,-0.02617406829841158,-0.1114475971197039,-0.030440522875817045
pan_scanorama,Pancreas,Scanorama,target_local_warp,genorefine,False,True,0.04990601916786959,5,False,-0.7750711944008136,0,False,-0.024673979265459646,-0.0024220672219588566,0.0006418300653595832
pan_scanorama,Pancreas,Scanorama,target_local_warp,idec,False,True,0.06223295397386596,5,False,-0.8215143162843608,0,False,-0.1154554875132623,-0.0843610753707591,-0.020547712418300557
pan_harmony,Pancreas,Harmony,batch_simplex,genorefine,False,False,-0.05229873846891624,0,False,-0.15421153944901805,0,False,0.015905307125619095,-0.007856256066454504,-0.0026679738562090717
pan_harmony,Pancreas,Harmony,batch_simplex,idec,False,True,0.05936370834951895,5,False,-0.26567521562155716,0,False,0.35981303835657646,-0.07914855195142327,-0.020325490196078367
pan_harmony,Pancreas,Harmony,target_local_warp,genorefine,False,False,-0.021657224411035857,0,False,-0.3222819082251257,0,False,0.007218287480638597,-0.0037389675176632943,-0.0004862745098038079
pan_harmony,Pancreas,Harmony,target_local_warp,idec,False,False,-0.02832877793553596,0,False,-0.4914123937671871,0,False,0.1594031888496097,-0.0730940610821426,-0.028681045751633927
hp_scanorama,HP-CB,Scanorama,batch_simplex,genorefine,False,False,-0.6522079507062123,0,False,-0.3519555539937036,0,False,0.004831349935304291,-0.033129857974199185,-0.008977486497967035
hp_scanorama,HP-CB,Scanorama,batch_simplex,idec,False,True,0.26667089051060006,5,False,-0.38128610837867494,0,False,0.05299319915963444,-0.1273124974565579,-0.03663207718914978
hp_scanorama,HP-CB,Scanorama,target_local_warp,genorefine,False,True,0.056546892494544206,5,False,-0.740779393144355,0,False,-0.12377228993734408,-0.01732592683026084,0.0015644153164632746
hp_scanorama,HP-CB,Scanorama,target_local_warp,idec,False,True,0.06201056473834155,5,False,-0.7733157517357112,0,False,-0.2525707360667513,-0.10052781508159356,-0.030790703319376278
hp_harmony,HP-CB,Harmony,batch_simplex,genorefine,False,False,-0.08639459822399896,0,False,-0.09488683346284865,0,False,-0.028907374701105982,-0.007354820331257806,-0.0018520541294982263
hp_harmony,HP-CB,Harmony,batch_simplex,idec,False,False,-0.04142460722634495,0,False,-0.1315788458217077,0,False,0.20793394779553642,-0.07189679729784718,-0.024844954184113255
hp_harmony,HP-CB,Harmony,target_local_warp,genorefine,False,False,-0.0061584875752364494,0,False,-0.40080862864387595,0,False,-0.007445292447076257,-0.0036356977170064475,-0.0008289337945263763
hp_harmony,HP-CB,Harmony,target_local_warp,idec,False,False,-0.011848525315006365,0,False,-0.5725352668809787,0,False,-0.02274703698573346,-0.05806942579253649,-0.020317980459979325
mouse_scanorama,Mouse,Scanorama,batch_simplex,genorefine,False,True,0.18010688421554602,5,False,-0.5609112199915642,0,False,0.011403789540350494,-0.10333746666666661,-0.008783505154639127
mouse_scanorama,Mouse,Scanorama,batch_simplex,idec,False,True,0.25232125852798265,5,False,-0.5952151124781669,0,False,-0.06507602302874833,-0.18018533333333325,-0.015268423062237435
mouse_scanorama,Mouse,Scanorama,target_local_warp,genorefine,False,True,0.005159307338281268,4,False,-0.835888313773985,0,False,-0.03838250098479869,-0.1019490666666667,0.004392516227567822
mouse_scanorama,Mouse,Scanorama,target_local_warp,idec,False,True,0.008605747106662986,5,False,-0.8668354080611821,0,False,-0.07900884016959081,-0.16678279999999998,-0.03190530736922483
mouse_harmony,Mouse,Harmony,batch_simplex,genorefine,False,True,0.014467816748845955,5,False,-0.2054486834859863,0,False,-0.001293640912230165,-0.0019781333333333427,-0.002199312714776691
mouse_harmony,Mouse,Harmony,batch_simplex,idec,False,True,0.056962810110009775,5,False,-0.2707163110792524,0,False,0.028195056457568902,-0.04092333333333335,-0.0004978999618175494
mouse_harmony,Mouse,Harmony,target_local_warp,genorefine,False,False,-0.0011107821469528295,0,False,-0.4288150904250963,0,False,-0.000560134528532763,-0.0033980000000000564,-0.007195112638411683
mouse_harmony,Mouse,Harmony,target_local_warp,idec,False,False,-0.0010537196173549276,0,False,-0.5675517822552434,0,False,-0.01820074743314668,-0.03181906666666667,-0.030527682321496784
